<?xml version="1.0" encoding="UTF-8"?>
<project-private xmlns="http://www.netbeans.org/ns/project-private/1">
    <editor-bookmarks xmlns="http://www.netbeans.org/ns/editor-bookmarks/2" lastBookmarkId="0"/>
    <open-files xmlns="http://www.netbeans.org/ns/projectui-open-files/2">
        <group>
            <file>file:/F:/szy/work/uhd/PIC10/PWM/PWM_ADC_brightness/PIC10F322/demo.c</file>
            <file>file:/F:/szy/work/uhd/PIC10/PWM/PWM_ADC_brightness/PIC10F322/uhd.c</file>
            <file>file:/F:/szy/work/uhd/PIC10/PWM/PWM_ADC_brightness/PIC10F322/uhdcutdown.h</file>
        </group>
    </open-files>
</project-private>
